{
  "manifest-bundle.zip": 1615980290061,
  "Component.js": 1615975942191,
  "model/models.js": 1615975942195,
  "controller/View1.controller.js": 1615975942195,
  "manifest.json": 1615980290047,
  "i18n/i18n.properties": 1615975942195,
  "Component-preload.js": 1615980291249,
  "controller/View1-dbg.controller.js": 1615975942195,
  "model/models-dbg.js": 1615975942195,
  "Component-dbg.js": 1615975942191,
  "view/View1.view.xml": 1615975942199,
  "css/style.css": 1615975942195,
  "index.html": 1615980191148
}